{
  "score_0_1": {
    "NVIDIA Corporation": 0.504343484353184,
    "Microsoft Corporation": 0.5031536288731908,
    "Palantir Technologies Inc.": 0.5249999995320022,
    "C3.ai, Inc.": 0.5267008931441441,
    "Intuitive Surgical, Inc.": 0.4940485086020031,
    "Teradyne, Inc.": 0.4835650334932928,
    "Symbotic Inc.": 0.47036542932301284,
    "Rocket Lab USA, Inc.": 0.5272862132804004,
    "Iridium Communications Inc.": 0.41282377495880784,
    "Viasat, Inc.": 0.3320466566473706,
    "Innodata Inc.": 0.6319419942857711,
    "SoundHound AI, Inc.": 0.2949106767831178,
    "Monday.com Ltd.": 0.5108657313705047,
    "AeroVironment, Inc.": 0.4208629132878083,
    "Perfect Corp.": 0.5123875057130978,
    "GoodRx Holdings, Inc.": 0.558018914327507,
    "AbCellera Biologics Inc.": 0.4070521567353194,
    "Unity Software Inc.": 0.489786020908123,
    "Tempus AI, Inc.": 0.45123780128275526,
    "Vertiv Holdings Co": 0.2925859308651933
  },
  "meta": {
    "source": "rss/google-news",
    "lookback_days": 7
  }
}