{
  "score_0_1": {
    "NVIDIA Corporation": 0.4338594798519158,
    "Microsoft Corporation": 0.48489252952352657,
    "Palantir Technologies Inc.": 0.5108174358077934,
    "C3.ai, Inc.": 0.5267008931441441,
    "Intuitive Surgical, Inc.": 0.49404850860200317,
    "Teradyne, Inc.": 0.5479365306441979,
    "Symbotic Inc.": 0.47951329898980244,
    "Rocket Lab USA, Inc.": 0.5272862132804004,
    "Iridium Communications Inc.": 0.41282377495880784,
    "Viasat, Inc.": 0.33204665664737054,
    "Innodata Inc.": 0.6319419942857711,
    "SoundHound AI, Inc.": 0.2619027831852891,
    "Monday.com Ltd.": 0.5211268783935452,
    "AeroVironment, Inc.": 0.4356614334209964,
    "Perfect Corp.": 0.5123875057130978,
    "GoodRx Holdings, Inc.": 0.46427754444203,
    "AbCellera Biologics Inc.": 0.579799097148379,
    "Unity Software Inc.": 0.489786020908123,
    "Tempus AI, Inc.": 0.45123780128275526,
    "Vertiv Holdings Co": 0.31230349012482883
  },
  "meta": {
    "source": "rss/google-news",
    "lookback_days": 7
  }
}