{
  "score_0_1": {
    "NVIDIA Corporation": 0.384266486696815,
    "Microsoft Corporation": 0.5031536288731908,
    "Palantir Technologies Inc.": 0.4966125864711957,
    "C3.ai, Inc.": 0.5267008931441441,
    "Intuitive Surgical, Inc.": 0.5159232490107789,
    "Teradyne, Inc.": 0.5032389544339188,
    "Symbotic Inc.": 0.47036542932301284,
    "Rocket Lab USA, Inc.": 0.5985228438693551,
    "Iridium Communications Inc.": 0.40040897900535405,
    "Viasat, Inc.": 0.34428781663916685,
    "Innodata Inc.": 0.6245149905697481,
    "SoundHound AI, Inc.": 0.3312558508342171,
    "Monday.com Ltd.": 0.5108657313705048,
    "AeroVironment, Inc.": 0.4208629132878083,
    "Perfect Corp.": 0.5291600484751015,
    "GoodRx Holdings, Inc.": 0.5099809374685619,
    "AbCellera Biologics Inc.": 0.5665281236108541,
    "Unity Software Inc.": 0.5343015693087675,
    "Tempus AI, Inc.": 0.39926177595586865,
    "Vertiv Holdings Co": 0.32428376485632293
  },
  "meta": {
    "source": "rss/google-news",
    "lookback_days": 7
  }
}