{
  "score_0_1": {
    "NVIDIA Corporation": 0.5069733963599629,
    "Microsoft Corporation": 0.47376945690048833,
    "Palantir Technologies Inc.": 0.596229888260442,
    "C3.ai, Inc.": 0.5451834139009379,
    "Intuitive Surgical, Inc.": 0.47083908538821984,
    "Teradyne, Inc.": 0.45354401189564647,
    "Symbotic Inc.": 0.4519444441004989,
    "Rocket Lab USA, Inc.": 0.4940171404307031,
    "Iridium Communications Inc.": 0.4260073255738631,
    "Viasat, Inc.": 0.5055490439005148,
    "Innodata Inc.": 0.5945338605149219,
    "SoundHound AI, Inc.": 0.2068191718128988,
    "Monday.com Ltd.": 0.47929081344189345,
    "AeroVironment, Inc.": 0.42736344049259056,
    "Perfect Corp.": 0.5320564505402088,
    "GoodRx Holdings, Inc.": 0.5305299271593367,
    "AbCellera Biologics Inc.": 0.6387709682995797,
    "Unity Software Inc.": 0.4476018748218519,
    "Tempus AI, Inc.": 0.5692004422678097,
    "Vertiv Holdings Co": 0.4798866851747823
  },
  "meta": {
    "source": "rss/google-news",
    "lookback_days": 7
  }
}