{
  "score_0_1": {
    "NVIDIA Corporation": 0.49752332688353845,
    "Microsoft Corporation": 0.47376945690048833,
    "Palantir Technologies Inc.": 0.5757944444282443,
    "C3.ai, Inc.": 0.5146574694194563,
    "Intuitive Surgical, Inc.": 0.4561972691699669,
    "Teradyne, Inc.": 0.45354401189564647,
    "Symbotic Inc.": 0.4081316587457141,
    "Rocket Lab USA, Inc.": 0.471937149245207,
    "Iridium Communications Inc.": 0.4260073255738631,
    "Viasat, Inc.": 0.48425441716168904,
    "Innodata Inc.": 0.5329155668136185,
    "SoundHound AI, Inc.": 0.2068191718128988,
    "Monday.com Ltd.": 0.5105711561060721,
    "AeroVironment, Inc.": 0.40708994675857557,
    "Perfect Corp.": 0.5500705634071158,
    "GoodRx Holdings, Inc.": 0.5305299271593366,
    "AbCellera Biologics Inc.": 0.6387709682995797,
    "Unity Software Inc.": 0.43528669271971987,
    "Tempus AI, Inc.": 0.5786484987006165,
    "Vertiv Holdings Co": 0.4798866851747823
  },
  "meta": {
    "source": "rss/google-news",
    "lookback_days": 7
  }
}