{
  "score_0_1": {
    "NVIDIA Corporation": 0.5193253963498241,
    "Microsoft Corporation": 0.5476274660287056,
    "Palantir Technologies Inc.": 0.5412101906772497,
    "C3.ai, Inc.": 0.5553757115362576,
    "Intuitive Surgical, Inc.": 0.5171900185622835,
    "Teradyne, Inc.": 0.47675467061189714,
    "Symbotic Inc.": 0.4895549496642883,
    "Rocket Lab USA, Inc.": 0.4959479681367611,
    "Iridium Communications Inc.": 0.4503595270155526,
    "Viasat, Inc.": 0.5176250392486954,
    "Innodata Inc.": 0.609164741930755,
    "SoundHound AI, Inc.": 0.4445058163608311,
    "Monday.com Ltd.": 0.562957013490166,
    "AeroVironment, Inc.": 0.42830778529855873,
    "Perfect Corp.": 0.7118172837115406,
    "GoodRx Holdings, Inc.": 0.46482595323465986,
    "AbCellera Biologics Inc.": 0.5728419650846275,
    "Unity Software Inc.": 0.42715844634878825,
    "Tempus AI, Inc.": 0.5956390921319411,
    "Vertiv Holdings Co": 0.4675892325065576
  },
  "meta": {
    "source": "rss/google-news",
    "lookback_days": 31
  }
}