{
  "score_0_1": {
    "NVIDIA Corporation": 0.48286962381637977,
    "Microsoft Corporation": 0.47376945690048833,
    "Palantir Technologies Inc.": 0.5889978383182599,
    "C3.ai, Inc.": 0.4685373879381272,
    "Intuitive Surgical, Inc.": 0.4683350273963126,
    "Teradyne, Inc.": 0.45354401189564647,
    "Symbotic Inc.": 0.45340563131399875,
    "Rocket Lab USA, Inc.": 0.4868475986299884,
    "Iridium Communications Inc.": 0.4260073255738631,
    "Viasat, Inc.": 0.5146143681554163,
    "Innodata Inc.": 0.5329155668136185,
    "SoundHound AI, Inc.": 0.38494121482810545,
    "Monday.com Ltd.": 0.5210042831784822,
    "AeroVironment, Inc.": 0.47315857265792277,
    "Perfect Corp.": 0.5297580634480684,
    "GoodRx Holdings, Inc.": 0.47750274983727276,
    "AbCellera Biologics Inc.": 0.6627835474343302,
    "Unity Software Inc.": 0.40576090839725837,
    "Tempus AI, Inc.": 0.5786484987006165,
    "Vertiv Holdings Co": 0.4798866851747823
  },
  "meta": {
    "source": "rss/google-news",
    "lookback_days": 7
  }
}