{
  "score_0_1": {
    "NVIDIA Corporation": 0.4975729596013768,
    "Microsoft Corporation": 0.47376945690048833,
    "Palantir Technologies Inc.": 0.5814903444615528,
    "C3.ai, Inc.": 0.4987602968028102,
    "Intuitive Surgical, Inc.": 0.4580994013973775,
    "Teradyne, Inc.": 0.4680441824735208,
    "Symbotic Inc.": 0.42830289160707535,
    "Rocket Lab USA, Inc.": 0.5019558284782377,
    "Iridium Communications Inc.": 0.4260073255738631,
    "Viasat, Inc.": 0.5146143681554163,
    "Innodata Inc.": 0.5945338605149219,
    "SoundHound AI, Inc.": 0.3849412148281055,
    "Monday.com Ltd.": 0.5191718224472422,
    "AeroVironment, Inc.": 0.4880934614161059,
    "Perfect Corp.": 0.5477721763149754,
    "GoodRx Holdings, Inc.": 0.5305299271593366,
    "AbCellera Biologics Inc.": 0.6043891566250358,
    "Unity Software Inc.": 0.40576090839725837,
    "Tempus AI, Inc.": 0.5786484987006166,
    "Vertiv Holdings Co": 0.4798866851747823
  },
  "meta": {
    "source": "rss/google-news",
    "lookback_days": 7
  }
}