{
  "score_0_1": {
    "NVIDIA Corporation": 0.4821689254617635,
    "Microsoft Corporation": 0.4544678161931275,
    "Palantir Technologies Inc.": 0.580016808948998,
    "C3.ai, Inc.": 0.5069015515700724,
    "Intuitive Surgical, Inc.": 0.4816297798689059,
    "Teradyne, Inc.": 0.4680441824735208,
    "Symbotic Inc.": 0.4351864532456724,
    "Rocket Lab USA, Inc.": 0.5053345780624827,
    "Iridium Communications Inc.": 0.43990638945878474,
    "Viasat, Inc.": 0.5163631441431994,
    "Innodata Inc.": 0.5135488122132374,
    "SoundHound AI, Inc.": 0.2130501086230209,
    "Monday.com Ltd.": 0.4933793427002575,
    "AeroVironment, Inc.": 0.45001720391396366,
    "Perfect Corp.": 0.5778629020607602,
    "GoodRx Holdings, Inc.": 0.5305299271593367,
    "AbCellera Biologics Inc.": 0.6387709682995797,
    "Unity Software Inc.": 0.45024341827421255,
    "Tempus AI, Inc.": 0.4287700278710932,
    "Vertiv Holdings Co": 0.4682404780703175
  },
  "meta": {
    "source": "rss/google-news",
    "lookback_days": 7
  }
}