{
  "score_0_1": {
    "NVIDIA Corporation": 0.32935947669364773,
    "Microsoft Corporation": 0.4884513737769103,
    "Palantir Technologies Inc.": 0.4314004274991974,
    "C3.ai, Inc.": 0.4891976750499599,
    "Intuitive Surgical, Inc.": 0.46678295500724076,
    "Teradyne, Inc.": 0.5341545960156091,
    "Symbotic Inc.": 0.5969400133521672,
    "Rocket Lab USA, Inc.": 0.5219775650004339,
    "Iridium Communications Inc.": 0.4602944822067214,
    "Viasat, Inc.": 0.4106657604045904,
    "Innodata Inc.": 0.565038767429422,
    "SoundHound AI, Inc.": 0.5384242849528118,
    "Monday.com Ltd.": 0.45319892244472015,
    "AeroVironment, Inc.": 0.44998500104990996,
    "Perfect Corp.": 0.4706899585835716,
    "GoodRx Holdings, Inc.": 0.4919465507461561,
    "AbCellera Biologics Inc.": 0.4978895349608482,
    "Unity Software Inc.": 0.4316443589144113,
    "Tempus AI, Inc.": 0.3642137328753062,
    "Vertiv Holdings Co": 0.399003427194359
  },
  "meta": {
    "source": "rss/google-news",
    "lookback_days": 7
  }
}