{
  "score_0_1": {
    "NVIDIA Corporation": 0.46245228563707486,
    "Microsoft Corporation": 0.4544678161931275,
    "Palantir Technologies Inc.": 0.596229888260442,
    "C3.ai, Inc.": 0.5069015515700724,
    "Intuitive Surgical, Inc.": 0.4816297798689059,
    "Teradyne, Inc.": 0.45354401189564647,
    "Symbotic Inc.": 0.4519444441004989,
    "Rocket Lab USA, Inc.": 0.4754038012576599,
    "Iridium Communications Inc.": 0.4579873825213803,
    "SoundHound AI, Inc.": 0.2130501086230209,
    "Monday.com Ltd.": 0.4933793427002575,
    "AeroVironment, Inc.": 0.40708994675857557,
    "Perfect Corp.": 0.5778629020607602,
    "GoodRx Holdings, Inc.": 0.5450857792260115,
    "AbCellera Biologics Inc.": 0.6387709682995797,
    "Unity Software Inc.": 0.43528669271971976,
    "Tempus AI, Inc.": 0.4050760928481255,
    "Vertiv Holdings Co": 0.4682404780703175
  },
  "meta": {
    "source": "rss/google-news",
    "lookback_days": 7
  }
}