{
  "as_of": "2025-08-29",
  "geo": "US",
  "timeframe": "today 3-m",
  "items": {
    "NVDA": {
      "query": "NVIDIA Corporation",
      "raw_breakout": 19857142857.142857,
      "score_0_1": 1.0,
      "rank": 1
    },
    "MSFT": {
      "query": "Microsoft Corporation",
      "raw_breakout": 0.5225563909774437,
      "score_0_1": 0.6666666666666666,
      "rank": 7
    },
    "PLTR": {
      "query": "Palantir Technologies Inc.",
      "raw_breakout": 857142857.1428571,
      "score_0_1": 0.8333333333333334,
      "rank": 4
    },
    "AI": {
      "query": "C3.ai, Inc.",
      "raw_breakout": 0.0,
      "score_0_1": 0.6111111111111112,
      "rank": 8
    },
    "ISRG": {
      "query": "Intuitive Surgical, Inc.",
      "raw_breakout": 0.0,
      "score_0_1": 0.6111111111111112,
      "rank": 9
    },
    "TER": {
      "query": "Teradyne, Inc.",
      "raw_breakout": 14285714285.714285,
      "score_0_1": 0.9444444444444444,
      "rank": 2
    },
    "SYM": {
      "query": "Symbotic Inc.",
      "raw_breakout": 0.0,
      "score_0_1": 0.6111111111111112,
      "rank": 10
    },
    "RKLB": {
      "query": "Rocket Lab USA, Inc.",
      "raw_breakout": 857142857.1428571,
      "score_0_1": 0.8333333333333334,
      "rank": 5
    },
    "IRDM": {
      "query": "Iridium Communications Inc.",
      "raw_breakout": 0.0,
      "score_0_1": 0.6111111111111112,
      "rank": 11
    },
    "VSAT": {
      "query": "Viasat, Inc.",
      "raw_breakout": 0.0,
      "score_0_1": 0.6111111111111112,
      "rank": 12
    },
    "INOD": {
      "query": "Innodata Inc.",
      "raw_breakout": 0.0,
      "score_0_1": 0.6111111111111112,
      "rank": 13
    },
    "SOUN": {
      "query": "SoundHound AI, Inc.",
      "raw_breakout": 0.0,
      "score_0_1": 0.6111111111111112,
      "rank": 14
    },
    "MNDY": {
      "query": "Monday.com Ltd.",
      "raw_breakout": 0.0,
      "score_0_1": 0.6111111111111112,
      "rank": 15
    },
    "AVAV": {
      "query": "AeroVironment, Inc.",
      "raw_breakout": 999999999.9999999,
      "score_0_1": 0.8888888888888888,
      "rank": 3
    },
    "PERF": {
      "query": "Perfect Corp.",
      "raw_breakout": 857142857.1428571,
      "score_0_1": 0.8333333333333334,
      "rank": 6
    },
    "GDRX": {
      "query": "GoodRx Holdings, Inc.",
      "raw_breakout": 0.0,
      "score_0_1": 0.6111111111111112,
      "rank": 16
    },
    "ABCL": {
      "query": "AbCellera Biologics Inc.",
      "raw_breakout": 0.0,
      "score_0_1": 0.6111111111111112,
      "rank": 17
    },
    "U": {
      "query": "Unity Software Inc.",
      "raw_breakout": 0.0,
      "score_0_1": 0.6111111111111112,
      "rank": 18
    },
    "TEM": {
      "query": "Tempus AI, Inc.",
      "raw_breakout": null,
      "score_0_1": 0.0,
      "rank": null
    },
    "VRT": {
      "query": "Vertiv Holdings Co",
      "raw_breakout": null,
      "score_0_1": 0.0,
      "rank": null
    }
  }
}